{
  "0": 0.1489750383439593,
  "1": -0.26293663140821755,
  "2": -0.09421401389201023,
  "3": -0.18894189857781307,
  "4": -0.15601291848837784,
  "5": -0.3616398126433038,
  "6": 0.024309993718882983,
  "7": -0.14164973066151743,
  "8": -0.025123676183017807,
  "9": -0.3629270555959865,
  "10": -0.3431826203929742,
  "11": -0.14019186134942618,
  "12": 0.2132923071727244,
  "13": -0.29394407567841063,
  "14": -0.26454845860479015,
  "15": 0.6734751334316809,
  "16": 0.17240114035658627,
  "17": 0.25630409872238824,
  "18": -0.06464955405602879,
  "19": 0.40963479888102616,
  "20": -0.20077427212358967,
  "21": -0.18552535510976642,
  "22": 0.10541202065509903,
  "23": -0.23723717678240908,
  "24": -0.44620781127369513,
  "25": -0.2602650926320973,
  "26": -0.07713609580666314,
  "27": 0.3386491547734174,
  "28": -0.09568945291988795,
  "29": -0.09576229611157605,
  "30": 0.01648484860470678,
  "31": -0.19383836265695975,
  "32": 0.13993978694988274,
  "33": -0.1307389305420097,
  "34": -0.23585069047022889,
  "35": -0.20133392878656808,
  "36": -0.25728121551058947,
  "37": 0.47883161700820553,
  "38": -0.09058116814959294,
  "39": -0.3727524867029628,
  "40": 0.6044956708885816,
  "41": -0.25390465084198444,
  "42": 0.471749958379719,
  "43": 0.7537958837210431,
  "44": -0.364027130963142,
  "45": -0.19206412218706714,
  "46": 0.6562743344810457,
  "47": -0.1515124783590569,
  "48": -0.331406299509164,
  "49": -0.22147855111402182,
  "50": 0.3320350625746502,
  "51": -0.18308389905384748,
  "52": -0.17062504629056008,
  "53": -0.11564321129394961,
  "54": 0.5087563075584736,
  "55": -0.14960052420982883,
  "56": -0.15610742599402583,
  "57": -0.24619320549622725,
  "58": 0.6306948191928645,
  "59": -0.1392547253808727,
  "60": 0.31446940644723453,
  "61": -0.05258847646403231,
  "62": -0.152926117661365,
  "63": -0.20404059464298552,
  "64": -0.13426028113630983,
  "65": -0.3018054851445926,
  "66": -0.14128242245733413,
  "67": -0.22833231241097418,
  "68": 0.16778105400501664,
  "69": -0.29828874058291066,
  "70": 0.3237021894843104,
  "71": 0.3052494120602538,
  "72": 0.7402660727142312,
  "73": 0.46330895991245213,
  "74": -0.3384061732927197,
  "75": -0.21071854237403942,
  "76": -0.052014405512281536,
  "77": 0.11005195199507156,
  "78": -0.2256580568284785,
  "79": 0.09559506241904925,
  "80": 0.3086033499978791,
  "81": -0.2799307462143834,
  "82": 0.8380987997619307,
  "83": -0.21035372775213435,
  "84": -0.25565767117112315,
  "85": -0.03206802612347848,
  "86": -0.19595626576967895,
  "87": -0.28730098845907204,
  "88": -0.22797057709303892,
  "89": -0.20835136918845354,
  "90": -0.13154201929564335,
  "91": -0.39049673633729554,
  "92": 0.04982354757013463,
  "93": -0.2927391985936407,
  "94": 0.20769946788564275,
  "95": -0.30198930303567106,
  "96": -0.3210910070504007,
  "97": 0.7697283541732255,
  "98": -0.1758377291848472,
  "99": -0.20393750838222569,
  "100": 0.25946018359656386,
  "101": 0.08615096781049292,
  "102": -0.25626076452014956,
  "103": 0.6578373295922513,
  "104": 0.22698894389010205,
  "105": -0.050655586747011094,
  "106": 0.900701714623094,
  "107": 0.6475145846415395,
  "108": -0.04846171015072165,
  "109": 0.3726209808752927,
  "110": -0.17368800439941223,
  "111": -0.1657165298483836,
  "112": 0.06775000546577992,
  "113": -0.2975822258475407,
  "114": 0.17119047481033023,
  "115": 0.8741118592391729,
  "116": 0.26778992027782833,
  "117": 0.5166621527503887,
  "118": -0.35136611955981745,
  "119": -0.277406497075954,
  "120": 0.2502783407168063,
  "121": -0.36863574961751566,
  "122": 0.7235596694631417,
  "123": -0.31659317219182115,
  "124": -0.030682202959482652,
  "125": -0.17742933646837722,
  "126": -0.14887898508539998,
  "127": -0.2919813404538789,
  "128": 0.5100967360345888,
  "129": -0.3573618929129361,
  "130": 0.46143140578661046,
  "131": 0.503085846819384,
  "132": -0.16115664081461256,
  "133": -0.3596616189284514,
  "134": -0.4170421033502867,
  "135": 0.5029653683989062,
  "136": 0.22549648134938638,
  "137": 0.35932526432187806,
  "138": 0.21340579614054622,
  "139": 0.08530492975315696,
  "140": -0.24354648665676826,
  "141": -0.1407864064263118,
  "142": 0.3473054612654164,
  "143": -0.006052857897468122,
  "144": -0.2129146952668497,
  "145": 0.4509774398767312,
  "146": -0.3392976486938817,
  "147": 0.024955220576894477,
  "148": -0.14349654737394535,
  "149": 0.3687072272483394,
  "150": -0.07096041597169522,
  "151": -0.24599261227076274,
  "152": -0.026536342714683192,
  "153": -0.10211461514272435,
  "154": 0.22563730622893774,
  "155": 0.4861802163586595,
  "156": -0.11653735410226784,
  "157": 0.256666556480728,
  "158": 0.86722231131369,
  "159": -0.017808261248792423,
  "160": -0.1090953328616926,
  "161": -0.18503452970336642,
  "162": 0.4330765295440493,
  "163": -0.2002114259962091,
  "164": 0.17115465652330486,
  "165": -0.1644672235962532,
  "166": -0.11115868671537066,
  "167": -0.24150101972328963,
  "168": 0.5550108103093188,
  "169": -0.13533281359844973,
  "170": 0.5325306105900034,
  "171": -0.19727255383476194,
  "172": -0.4414166747910653,
  "173": -0.24085477093464092,
  "174": -0.22405144991437065,
  "175": 0.09263148616284989,
  "176": 0.5364095137258219,
  "177": 0.6684347414432705,
  "178": 0.21457780131812054,
  "179": 0.2891129017546732,
  "180": -0.04425612103138521,
  "181": -0.1371049466979153,
  "182": -0.15539160764117388,
  "183": -0.25150784260640413,
  "184": 0.4005257183486005,
  "185": -0.4721884066495401,
  "186": 0.38054929107764457,
  "187": -0.2700120635168204,
  "188": -0.18671018543514917,
  "189": -0.14861925429214962,
  "190": 0.39587064028199925,
  "191": 0.5237768208374654,
  "192": 0.43885886713455324,
  "193": -0.2067739471018395,
  "194": 0.7489657747084852,
  "195": -0.20789365866715226,
  "196": -0.38067550649214876,
  "197": 0.24469562905608677,
  "198": -0.15422515815558047,
  "199": 0.7169754773442512,
  "200": -0.28149659700541996,
  "201": -0.28273589598530235,
  "202": 0.44771275897604157,
  "203": -0.26831004709438266,
  "204": -0.25375662778471475,
  "205": -0.26332500902142164,
  "206": -0.2683508533375414,
  "207": 0.12466288500998235,
  "208": -0.18700686047703274,
  "209": -0.12537594718232747,
  "210": -0.4744510208072166,
  "211": -0.3214591679797614
}